exchange,search_name
abcc,abcc
abucoins,abucoins
acx,acx
aex,aex
aidosmarket,aidosmarket
allcoin,allcoin
altcointrader,altcointrader
arbitraging,arbitraging
artisturba,artisturba
ataix,ataix
bancor.network,bancor
bcex,bcex
bgj.io,bgj.io
bgogo,bgogo
bhex,bhex
bibox,bibox
big.one,bigone
bilaxy,bilaxy
binance,binance
binance.dex,binance.dex
bisq,bisq
bit-z,bit-z
bit2c,bit2c
bitbank.cc,bitbank.cc
bitbay,bitbay
bitbns,bitbns
bitbox,bitbox
bitcoin.co.id,bitcoin.co.id
bitcoin.de,bitcoin.de
bitcointoyou,bitcointoyou
bitcointrade,bitcointrade
bite.ceo,bite.ceo
bitebtc,bitebtc
bitex.la,bitex.la
bitfinex,bitfinex
bitflyer,bitflyer
bitforex,bitforex
bitgrail,bitgrail
bithesap,bithesap
bithumb,bithumb
bithumb.global,bithumb.global
bitinka,bitinka
bitlish,bitlish
bitmarket,bitmarket
bitmart,bitmart
bitmax,bitmax
bitmex,bitmex
bitoex,bitoex
bitonic.nl,bitonic.nl
bitopro,bitopro
bitrabbit,bitrabbit
bitsane,bitsane
bitshares,bitshares
bitso,bitso
bitstamp,bitstamp
bittrex,bittrex
bkex,bkex
bl3p.eu,bl3p.eu
bleutrade,bleutrade
blinktrade,blinktrade
braziliex,braziliex
btcalpha,btcalpha
btcbox,btcbox
btcmarkets,btcmarkets
btctrade.im,btctrade.im
btcturk,btcturk
btcxindia,btcxindia
buda,buda
bw,bw.com
bx.in.th,bx.in.th
bytex,bytex
c-cex,c-cex
c2cx,c2cx
cbx.one,cbx.one
ceo,ceo
cex.io,cex.io
chaoex,chaoex
cobinhood,cobinhood
coinall,coinall
coinbase,coinbase
coinbene,coinbene
coinbig,coinbig
coincheck,coincheck
coindcx,coindcx
coineal,coineal
coinegg,coinegg
coinex,coinex
coinexchange,coinexchange.io
coinfalcon,coinfalcon
coinfloor,coinfloor
coingeto,coingeto
coinmate,coinmate
coinmaxex,coinmaxex
coinnest,coinnest
coinoah,coinoah
coinone,coinone
coinpark.cc,coinpark.cc
coinroom,coinroom
coins.ph,coins.ph
coinsbank,coinsbank
coinspot,coinspot
coinsquare,coinsquare
coinsuper,coinsuper
cointiger,cointiger
coinw,coinw
coolcoin,coolcoin
coss,coss.io
cpdax,cpdax
crex24,crex24
crossexchange,crossexchange
cryptobridge,cryptobridge
cryptonex,cryptonex
cryptopia,cryptopia
cryptox,cryptox
ddex,ddex
dew,dew
digifinex,digifinex
dragonex,dragonex
dsx.uk,dsx.uk
ethexindia,ethexindia
ethfinex,ethfinex
exmo,exmo
exx,exx
ezbtc,ezbtc
fargobase,fargobase
fcoin,fcoin
fex,fex
fisco,fisco
forkdelta,forkdelta
gate.io,gate.io
gatecoin,gatecoin
gdac,gdac
gdax,gdax
gemini,gemini
getbtc,getbtc
giottus,giottus
gopax,gopax
graviex,graviex
hadax,hadax
hb.top,hb.top
hcoin,hcoin
hitbtc,hitbtc
hotbit,hotbit
huobi.pro,huobi
hydax,hydax
icoinbay,icoinbay
idax,idax
idcm,idcm
idex,idex
independentr,independentr
indodax,indodax
infinitycoin,infinitycoin
ioaex,ioaex
iquant,iquant
itbit,itbit
jex,binance jex
joyso,joyso
kkcoin,kkcoin
koineks,koineks
koinex,koinex
koinim,koinim
korbit,korbit
kraken,kraken
kryptono,kryptono
kucoin,kucoin
kuna,kuna
lakebtc,lakebtc
lbank,lbank
liquid,liquid
litebit.eu,litebit.eu
livecoin,livecoin
luno,luno
lykke,lykke
maicoin,maicoin
max,max
mercadobitcoin,mercadobitcoin
mercadoniobiocash,mercadoniobiocash
mercatox,mercatox
mxc,mxc
nanex,nanex
negociecoins,negociecoins
neraex,neraex
nlexch,nlexch
nocks,nocks
novaexchange,novaexchange
ok.top,ok.top
okcoinkr,okcoinkr
okex,okex
omicrex,omicrex
ooobtc,ooobtc
otcbtc,otcbtc
ovis,ovis
palitanx,palitanx
paribu,paribu
paymium,paymium
pionex,pionex
poloniex,poloniex
qtrade.io,qtrade.io
quadrigacx,quadrigacx
remitano,remitano
rfinex,rfinex
rightbtc,rightbtc
rootrex,rootrex
rudex,rudex
satang,satang
shubao,shubao
simex,simex
southxchange,southxchange
stellarport,stellarport
stellarterm,stellarterm
stex,stex
stocks.exchange,stocks.exchange
tdax,tdax
therocktrading,therocktrading
tidex,tidex
tokenomy,tokenomy
tokenxpro,tokenxpro
tokok,tokok
topbtc,topbtc
tradebytrade,tradebytrade
tradeogre,tradeogre
tradesatoshi,tradesatoshi
trustdex,trustdex
tuxexchange,tuxexchange
ubit.vip,ubit.vip
ucoin.pw,ucoin.pw
uex,uex
unocoin,unocoin
upbit,upbit
vaultoro,vaultoro
vebitcoin,vebitcoin
wavesplatform,wavesplatform
wazirx,wazirx
wex.nz,wex.nz
xbtce,xbtce
yex,yex
yobit,yobit.net
zaif,zaif
zb,zb.com
zbg,zbg